Create table Csapat(
    csapat_nev varchar(50),
    motor varchar(50),
    versenyek_szama int,
    gyozelmek int,
    constraint n_pk primary key (csapat_nev)
);

create table Versenyzo(
    rajtszam int,
    nev varchar(40) not null,
    csapat_nev varchar(50),
    eletkor int not null,
    ossz_pont int,
    idenybeli_pont int,
    constraint v_pk primary key (rajtszam),
    constraint n_fk foreign key (csapat_nev) references Csapat (csapat_nev),
    constraint op_ck check(ossz_pont > -1),
    constraint ip_ck check(idenybeli_pont > -1)
);


create table Versenyhetvege(
    nev varchar(50) not null,
    VERSENYHETVEGE_SZAMA int primary key,
    hossz int not null,
    kor int not null,
    idopont datetime not null,
    helyszin varchar(30)
);


create table Eredmeny(
    versenyhetvege_szam int,
    rajtszam int,
    helyezes int,
    pont int,
    constraint e_pk primary key (versenyhetvege_szam, rajtszam),
    constraint e_k1 foreign key (versenyhetvege_szam) references Versenyhetvege(VERSENYHETVEGE_SZAMA),
    constraint e_k2 foreign key (rajtszam) references Versenyzo (rajtszam)
);

INSERT INTO CSAPAT (CSAPAT_NEV,MOTOR,VERSENYEK_SZAMA,GYOZELMEK)
  VALUES ('Mercedes AMG Petronas Motorsport','Mercedes','205','98');
INSERT INTO CSAPAT (CSAPAT_NEV,MOTOR,VERSENYEK_SZAMA,GYOZELMEK)
  VALUES ('Scuderia Ferrari Mission Winnow','Ferrari','986','234');
INSERT INTO CSAPAT (CSAPAT_NEV,MOTOR,VERSENYEK_SZAMA,GYOZELMEK)
  VALUES ('Aston Martin Red Bull Racing','Honda','275','61');
INSERT INTO CSAPAT (CSAPAT_NEV,MOTOR,VERSENYEK_SZAMA,GYOZELMEK)
  VALUES ('Renault F1 Team','Renault','377','35');
INSERT INTO CSAPAT (CSAPAT_NEV,MOTOR,VERSENYEK_SZAMA,GYOZELMEK)
  VALUES ('Haas F1 Team','Ferrari','75','0');
INSERT INTO CSAPAT (CSAPAT_NEV,MOTOR,VERSENYEK_SZAMA,GYOZELMEK)
  VALUES ('McLaren F1 Team','Renault','854','182');
INSERT INTO CSAPAT (CSAPAT_NEV,MOTOR,VERSENYEK_SZAMA,GYOZELMEK)
  VALUES ('SportPesa Racing Point F1 Team','BWT Mercedes','21','0');
INSERT INTO CSAPAT (CSAPAT_NEV,MOTOR,VERSENYEK_SZAMA,GYOZELMEK)
  VALUES ('Red Bull Toro Rosso Honda','Honda','258','1');
INSERT INTO CSAPAT (CSAPAT_NEV,MOTOR,VERSENYEK_SZAMA,GYOZELMEK)
  VALUES ('ROKiT Williams Racing','Mercedes','711','114');
INSERT INTO CSAPAT (CSAPAT_NEV,MOTOR,VERSENYEK_SZAMA,GYOZELMEK)
  VALUES ('Alfa Romeo Racing','Ferrari','122','10');


INSERT INTO VERSENYZO (RAJTSZAM,NEV,CSAPAT_NEV,ELETKOR,OSSZ_PONT,IDENYBELI_PONT)
  VALUES ('44','Lewis Hamilton','Mercedes AMG Petronas Motorsport','34','3356','0');
INSERT INTO VERSENYZO (RAJTSZAM,NEV,CSAPAT_NEV,ELETKOR,OSSZ_PONT,IDENYBELI_PONT)
  VALUES ('77','Valtteri Bottas','Mercedes AMG Petronas Motorsport','30','1237','0');
INSERT INTO VERSENYZO (RAJTSZAM,NEV,CSAPAT_NEV,ELETKOR,OSSZ_PONT,IDENYBELI_PONT)
  VALUES ('5','Sebastian Vettel','Scuderia Ferrari Mission Winnow','32','2957','0');
INSERT INTO VERSENYZO (RAJTSZAM,NEV,CSAPAT_NEV,ELETKOR,OSSZ_PONT,IDENYBELI_PONT)
  VALUES ('16','Charles Leclerc','Scuderia Ferrari Mission Winnow','22','260','0');
INSERT INTO VERSENYZO (RAJTSZAM,NEV,CSAPAT_NEV,ELETKOR,OSSZ_PONT,IDENYBELI_PONT)
  VALUES ('23','Alexander Albon','Aston Martin Red Bull Racing','23','64','0');
INSERT INTO VERSENYZO (RAJTSZAM,NEV,CSAPAT_NEV,ELETKOR,OSSZ_PONT,IDENYBELI_PONT)
  VALUES ('33','Max Verstappen','Aston Martin Red Bull Racing','22','882','0');
INSERT INTO VERSENYZO (RAJTSZAM,NEV,CSAPAT_NEV,ELETKOR,OSSZ_PONT,IDENYBELI_PONT)
  VALUES ('3','Daniel Ricciardo','Renault F1 Team','30','1028','0');
INSERT INTO VERSENYZO (RAJTSZAM,NEV,CSAPAT_NEV,ELETKOR,OSSZ_PONT,IDENYBELI_PONT)
  VALUES ('27','Nico Hulkenberg','Renault F1 Team','32','509','0');
INSERT INTO VERSENYZO (RAJTSZAM,NEV,CSAPAT_NEV,ELETKOR,OSSZ_PONT,IDENYBELI_PONT)
  VALUES ('8','Romain Grosjean','Haas F1 Team','33','389','0');
INSERT INTO VERSENYZO (RAJTSZAM,NEV,CSAPAT_NEV,ELETKOR,OSSZ_PONT,IDENYBELI_PONT)
  VALUES ('20','Kevin Magnussen','Haas F1 Team','27','157','0');
INSERT INTO VERSENYZO (RAJTSZAM,NEV,CSAPAT_NEV,ELETKOR,OSSZ_PONT,IDENYBELI_PONT)
  VALUES ('4','Lando Norris','McLaren F1 Team','19','35','0');
INSERT INTO VERSENYZO (RAJTSZAM,NEV,CSAPAT_NEV,ELETKOR,OSSZ_PONT,IDENYBELI_PONT)
  VALUES ('55','Carlos Sainz Jr.','McLaren F1 Team','25','247','0');
INSERT INTO VERSENYZO (RAJTSZAM,NEV,CSAPAT_NEV,ELETKOR,OSSZ_PONT,IDENYBELI_PONT)
  VALUES ('11','Sergio Perez','SportPesa Racing Point F1 Team','29','564','0');
INSERT INTO VERSENYZO (RAJTSZAM,NEV,CSAPAT_NEV,ELETKOR,OSSZ_PONT,IDENYBELI_PONT)
  VALUES ('18','Lance Stroll','SportPesa Racing Point F1 Team','20','65','0');
INSERT INTO VERSENYZO (RAJTSZAM,NEV,CSAPAT_NEV,ELETKOR,OSSZ_PONT,IDENYBELI_PONT)
  VALUES ('7','Kimi Raikkonen','Alfa Romeo Racing','40','1847','0');
INSERT INTO VERSENYZO (RAJTSZAM,NEV,CSAPAT_NEV,ELETKOR,OSSZ_PONT,IDENYBELI_PONT)
  VALUES ('99','Antonio Giovinazzi','Alfa Romeo Racing','25','4','0');
INSERT INTO VERSENYZO (RAJTSZAM,NEV,CSAPAT_NEV,ELETKOR,OSSZ_PONT,IDENYBELI_PONT)
  VALUES ('10','Pierre Gasly','Red Bull Toro Rosso Honda','23','102','0');
INSERT INTO VERSENYZO (RAJTSZAM,NEV,CSAPAT_NEV,ELETKOR,OSSZ_PONT,IDENYBELI_PONT)
  VALUES ('26','Danyiil Kvjat','Red Bull Toro Rosso Honda','25','166','0');
INSERT INTO VERSENYZO (RAJTSZAM,NEV,CSAPAT_NEV,ELETKOR,OSSZ_PONT,IDENYBELI_PONT)
  VALUES ('88','Robert Kubica','ROKiT Williams Racing','34','274','0');
INSERT INTO VERSENYZO (RAJTSZAM,NEV,CSAPAT_NEV,ELETKOR,OSSZ_PONT,IDENYBELI_PONT)
  VALUES ('63','George Russell','ROKiT Williams Racing','21','0','0');
  
  
  
INSERT INTO VERSENYHETVEGE (NEV,VERSENYHETVEGE_SZAMA,HOSSZ,KOR,IDOPONT,HELYSZIN)
  VALUES ('Olasz NagydĂ­j','14','5793','53',convert(DATETIME, '2019/09/08'),'Monza');
INSERT INTO VERSENYHETVEGE (NEV,VERSENYHETVEGE_SZAMA,HOSSZ,KOR,IDOPONT,HELYSZIN)
  VALUES ('SzingapĂşri NagydĂ­j','15','5065','61',convert(DATETIME, '2019/09/22'),'SzingapĂşr');
INSERT INTO VERSENYHETVEGE (NEV,VERSENYHETVEGE_SZAMA,HOSSZ,KOR,IDOPONT,HELYSZIN)
  VALUES ('Orosz NagydĂ­j','16','5848','53',convert(DATETIME, '2019/09/29'),'Szocsi');
INSERT INTO EREDMENY (VERSENYHETVEGE_SZAM,RAJTSZAM,HELYEZES,PONT)
  VALUES ('14','16','1','25');
INSERT INTO EREDMENY (VERSENYHETVEGE_SZAM,RAJTSZAM,HELYEZES,PONT)
  VALUES ('14','77','2','18');
INSERT INTO EREDMENY (VERSENYHETVEGE_SZAM,RAJTSZAM,HELYEZES,PONT)
  VALUES ('14','44','3','15');
INSERT INTO EREDMENY (VERSENYHETVEGE_SZAM,RAJTSZAM,HELYEZES,PONT)
  VALUES ('14','3','4','12');
INSERT INTO EREDMENY (VERSENYHETVEGE_SZAM,RAJTSZAM,HELYEZES,PONT)
  VALUES ('14','27','5','10');
INSERT INTO EREDMENY (VERSENYHETVEGE_SZAM,RAJTSZAM,HELYEZES,PONT)
  VALUES ('14','23','6','8');
INSERT INTO EREDMENY (VERSENYHETVEGE_SZAM,RAJTSZAM,HELYEZES,PONT)
  VALUES ('14','11','7','6');
INSERT INTO EREDMENY (VERSENYHETVEGE_SZAM,RAJTSZAM,HELYEZES,PONT)
  VALUES ('14','33','8','4');
INSERT INTO EREDMENY (VERSENYHETVEGE_SZAM,RAJTSZAM,HELYEZES,PONT)
  VALUES ('14','99','9','2');
INSERT INTO EREDMENY (VERSENYHETVEGE_SZAM,RAJTSZAM,HELYEZES,PONT)
  VALUES ('14','4','10','1');
INSERT INTO EREDMENY (VERSENYHETVEGE_SZAM,RAJTSZAM,HELYEZES,PONT)
  VALUES ('15','5','1','25');
INSERT INTO EREDMENY (VERSENYHETVEGE_SZAM,RAJTSZAM,HELYEZES,PONT)
  VALUES ('15','16','2','18');
INSERT INTO EREDMENY (VERSENYHETVEGE_SZAM,RAJTSZAM,HELYEZES,PONT)
  VALUES ('15','33','3','15');
INSERT INTO EREDMENY (VERSENYHETVEGE_SZAM,RAJTSZAM,HELYEZES,PONT)
  VALUES ('15','44','4','12');
INSERT INTO EREDMENY (VERSENYHETVEGE_SZAM,RAJTSZAM,HELYEZES,PONT)
  VALUES ('15','77','5','10');
INSERT INTO EREDMENY (VERSENYHETVEGE_SZAM,RAJTSZAM,HELYEZES,PONT)
  VALUES ('15','23','6','8');
INSERT INTO EREDMENY (VERSENYHETVEGE_SZAM,RAJTSZAM,HELYEZES,PONT)
  VALUES ('15','4','7','6');
INSERT INTO EREDMENY (VERSENYHETVEGE_SZAM,RAJTSZAM,HELYEZES,PONT)
  VALUES ('15','10','8','4');
INSERT INTO EREDMENY (VERSENYHETVEGE_SZAM,RAJTSZAM,HELYEZES,PONT)
  VALUES ('15','27','9','2');
INSERT INTO EREDMENY (VERSENYHETVEGE_SZAM,RAJTSZAM,HELYEZES,PONT)
  VALUES ('15','99','10','1');
INSERT INTO EREDMENY (VERSENYHETVEGE_SZAM,RAJTSZAM,HELYEZES,PONT)
  VALUES ('16','44','1','25');
INSERT INTO EREDMENY (VERSENYHETVEGE_SZAM,RAJTSZAM,HELYEZES,PONT)
  VALUES ('16','77','2','18');
INSERT INTO EREDMENY (VERSENYHETVEGE_SZAM,RAJTSZAM,HELYEZES,PONT)
  VALUES ('16','16','3','15');
INSERT INTO EREDMENY (VERSENYHETVEGE_SZAM,RAJTSZAM,HELYEZES,PONT)
  VALUES ('16','33','4','12');
INSERT INTO EREDMENY (VERSENYHETVEGE_SZAM,RAJTSZAM,HELYEZES,PONT)
  VALUES ('16','23','5','10');
INSERT INTO EREDMENY (VERSENYHETVEGE_SZAM,RAJTSZAM,HELYEZES,PONT)
  VALUES ('16','55','6','8');
INSERT INTO EREDMENY (VERSENYHETVEGE_SZAM,RAJTSZAM,HELYEZES,PONT)
  VALUES ('16','11','7','6');
INSERT INTO EREDMENY (VERSENYHETVEGE_SZAM,RAJTSZAM,HELYEZES,PONT)
  VALUES ('16','4','8','4');
INSERT INTO EREDMENY (VERSENYHETVEGE_SZAM,RAJTSZAM,HELYEZES,PONT)
  VALUES ('16','20','9','2');
INSERT INTO EREDMENY (VERSENYHETVEGE_SZAM,RAJTSZAM,HELYEZES,PONT)
  VALUES ('16','27','10','1');